module_id,reactions
M00001,"R01786,R02189,R09085  C00267 -> C00668 R13199  C00668 -> C00085 R00756,R05805  C00085 -> C00354 R01068  C00354 -> C00111 + C00118 R01015  C00111 -> C00118 R01061,R01063  C00118 -> C00236 R01512  C00236 -> C00197 R07159  C00118 -> C00197 R01518  C00197 -> C00631 R00658  C00631 -> C00074 R00200  C00074 -> C00022"
M00549,"R01786,R02189 C00267 -> C00668 R00959 C00668 -> C00103 R00289 C00103 -> C00029"
M00002,"R01015  C00111 -> C00118 R01061,R01063  C00118 -> C00236 R01512  C00236 -> C00197 R07159  C00118 -> C00197 R01518  C00197 -> C00631 R00658  C00631 -> C00074 R00200  C00074 -> C00022"
M00003,"R00431,R00726,R00341  C00036 -> C00074 R00658  C00074 -> C00631 R01518  C00631 -> C00197 R01512  C00197 -> C00236 R01061,R01063  C00236 -> C00118 R01015  C00118 -> C00111 R01068  C00111 + C00118 -> C00354 R00762  C00354 -> C00085"
M00165,"R01523  C00199 -> C01182 R00024  C01182 + C00011 -> C00197 R01512  C00197 -> C00236 R01061,R01063  C00236 -> C00118 R01015  C00118 -> C00111 R01068  C00118 + C00111 -> C00354 R00762  C00354 -> C00085 R01067  C00085 + C00118 -> C00279 + C00231 R01829  C00279 + C00111 -> C00447 R01845  C00447 -> C05382 R01641  C05382 + C00118 -> C00117 + C00231 R01056  C00117 -> C00199 R01529  C00231 -> C00199"
M00308,"R01538  C00257 -> C00204 R01541  C00204 -> C04442 R05605  C04442 -> C00118 + C00022 R01061  C00118 -> C00236 R01512  C00236 -> C00197 R01058,R10860  C00118 -> C00197"
M00552,R03033  C00880 -> C01216 R03387  C01216 -> C01286 R01064  C01286 -> C00118 R01061  C00118 -> C00236 R01512  C00236 -> C00197
M00346,R00945  C00037 -> C00065 R00588  C00065 -> C00168 R01388  C00168 -> C00258 R08572  C00258 -> C00631 R00658  C00631 -> C00074 R00345  C00074 -> C00036 R00342  C00036 -> C00149 R01256  C00149 -> C04348 R00473  C04348 -> C00048 R00588  C00048 -> C00037
M00004,"R02736,R10907  C01172 -> C01236 R02035  C01236 -> C00345 R01528,R10221  C00345 -> C00199 R01529  C00199 -> C00231 R01056  C00199 -> C00117 R01641  C00117 + C00231 -> C05382 + C00118 R08575  C05382 + C00118 -> C00279 + C00085 R01067  C00279 + C00231 -> C00085 + C00118 R13199  C00085 -> C00668 R02739  C00668 -> C01172"
M00006,"R02736,R10907  C01172 -> C01236 R02035  C01236 -> C00345 R01528,R10221  C00345 -> C00199"
M00008,R02736  C01172 -> C01236 R02035  C01236 -> C00345 R02036  C00345 -> C04442 R05605  C04442 -> C00118 + C00022
M00007,R01067  C00085 + C00118 -> C00279 + C00231 R08575  C00279 + C00085 -> C05382 + C00118 R01641  C05382 + C00118 -> C00117 + C00231 R01529  C00231 -> C00199 R01056  C00199 -> C00117
M00580,R05339  C00085 -> C06019 R05338  C06019 -> C00199 R01056  C00199 -> C00117
M00307,"R00209,R01196  C00022 -> C00024  R00014  C00022 + C00068 -> C05125 R03270  C05125 + C15972 -> C16255 + C00068 R02569  C16255 -> C00024 + C15973 R07618  C15973 -> C15972"
M00009,"R00351  C00024 + C00036 -> C00158 R01325+R01900,R01324  C00158 -> C00311 R01899+R00268,R00267,R00709  C00311 -> C00026 R00621+R03316,R01700  C00026 + C15972 -> C16254 R02570  C16254 -> C00091 + C15973 R07618  C15973 -> C15972 R01197  C00026 -> C00091 R00405,R00432,R00727,R10343  C00091 -> C00042 R02164  C00042 -> C00122 R01082  C00122 -> C00149 R00342,R00361  C00149 -> C00036"
M00010,"R00351  C00036 + C00024 -> C00158 R01325+R01900,R01324  C00158 -> C00311 R01899+R00268,R00267,R00709  C00311 -> C00026"
M00012,"R00351  C00024 + C00036 -> C00158 R01325  C00158 -> C00417 R01900  C00417 -> C00311 R00479  C00311 -> C00048 R00472,R00473+R10612  C00024 + C00048 -> C00149 R00342  C00149 -> C00036"
M00740,R00351  C00036 + C00024 -> C00158 R01325  C00158 -> C00417 R01900  C00417 -> C00311 R01899  C00311 -> C05379 R00268  C05379 -> C00026 R00248  C00026 -> C00025 R00262  C00025 -> C03618 R03696  C03618 -> C01732 R10904  C01732 -> C06028 R05076  C06028 -> C06027 R00934  C06027 -> C00048 R00473  C00048 + C00024 -> C04348 R10612  C04348 -> C00149 R00342  C00149 -> C00036
M00173,"R01196,R10866  C00024 -> C00022 R00199,R00206  C00022 -> C00074 R00345  C00074 -> C00036 R00344  C00022 -> C00036 R00342  C00036 -> C00149 R01082  C00149 -> C00122 R02164  C00122 -> C00042 R00405  C00042 -> C00091 R01197  C00091 -> C00026 R00267  C00026 -> C00311 R01900  C00311 -> C00417 R01325  C00417 -> C00158 R00352  C00158 -> C00024"
M00011,"R00621+R03316,R01700  C00026 + C15972 -> C16254 R02570  C16254 -> C00091 + C15973 R07618  C15973 -> C15972 R01197  C00026 -> C00091 R00405,R00432,R00727,R10343  C00091 -> C00042 R02164  C00042 -> C00122 R01082  C00122 -> C00149 R00342,R00361  C00149 -> C00036"
M00374,R01196  C00024 -> C00022 R00199  C00022 -> C00074 R00345  C00074 -> C00036 R00342  C00036 -> C00149 R01082  C00149 -> C00122 R02164  C00122 -> C00042 R00405  C00042 -> C00091 R09280  C00091 -> C00232 R09281  C00232 -> C00989 R09279  C00989 -> C11062 R10782  C11062 -> C00877 R03026  C00877 -> C01144 R01975  C01144 -> C00332 R00238  C00332 -> C00024
M00620,R01196  C00024 -> C00022 R00344  C00022 -> C00036 R00342  C00036 -> C00149 R01082  C00149 -> C00122 R10660  C00122 -> C00042 R00405  C00042 -> C00091 R01197  C00091 -> C00026
M00376,R00742  C00024 -> C00083 R00740  C00083 -> C00222 R09289  C00222 -> C01013 R09286  C01013 -> C05668 R03045  C05668 -> C00894 R00919  C00894 -> C00100 R01859  C00100 -> C00683 R02765  C00683 -> C01213 R00833  C01213 -> C00091 R00406  C00091 -> C00042 R02164  C00042 -> C00122 R01082  C00122 -> C00149 R00406  C00149 -> C04348 R00473  C04348 -> C00024 + C00048 R00934  C00100 -> C06027 R05076  C06027 -> C06028 R09283  C06028 -> C18323 R09282  C18323 -> C01011 R00237  C01011 -> C00024 + C00022
M00982,"R00931  C00036 + C00100 -> C02225 R04424  C02225 -> C04225 R11263  C02225 -> C21250 R11264  C21250 -> C04225 R04425  C04225 -> C04593 R00409  C04593 -> C00042 R02164  C00042 -> C00122 R01082  C00122 -> C00149 R00342,R00361  C00149 -> C00036"
M00168,R00345  C00074 + C00011 -> C00036 R00342  C00036 -> C00149
M00171,R00345  C00074 -> C00036 R00355  C00036 -> C00049 R00355  C00049 -> C00036 R00342  C00036 -> C00149 R00214  C00149 -> C00022+C00011 R00258  C00022 -> C00041 R00258  C00041 -> C00022 R00206  C00022 -> C00074
M00149,R02164  C00042 + C15602 -> C00122 + C15603
M00150,R02164  C00042 + C15602 -> C00122 + C15603
M00152,R02161  C00390 + 2 C00125 -> C00399 + 2 C00126 + 2 C00080
M00154,R00081  C00007 + 4 C00126 + 4 C00080 -> 4 C00125 + 2 C00001
M00155,R00081  C00007 + 4 C00126 + 4 C00080 -> 4 C00125 + 2 C00001
M00156,R00081  C00007 + 4 C00126 + 4 C00080 -> 4 C00125 + 2 C00001
M00157,R00086  C00008 + C00009 -> C00002 + C00001
M00158,R00086  C00008 + C00009 -> C00002 + C00001
M00159,R00086  C00008 + C00009 -> C00002 + C00001
M00160,R00086  C00008 + C00009 -> C00002 + C00001
M00169,R00216  C00149 -> C00022 + C00011 R00206  C00022 -> C00074
M00172,R00345  C00074 -> C00036 R00343  C00036 -> C00149 R00216  C00149 -> C00022 + C00011 R00206  C00022 -> C00074
M00050,"R01130  C00130 -> C00655 R01230,R01231  C00655 -> C00144 R00332  C00144 -> C00035 R00330  C00035 -> C00044"
M00049,"R01135  C00130 -> C03794 R01083  C03794 -> C00020 R00127,R00333  C00020 -> C00008 R00331  C00008 -> C00002"
M00170,R00345  C00074 -> C00036 R00355  C00036 -> C00049 R00355  C00049 -> C00036 R00341  C00036 -> C00074+C00011
M00086,R01280  C00249 -> C00154
M00087,R01279  C00154 -> C05272 R04738  C05272 -> C05258 R04737  C05258 -> C05259 R03991  C05259 -> C02593 + C00024  R03990  C02593 -> C05273 R04740  C05273 -> C05260 R04739  C05260 -> C05261 R03858  C05261 -> C01832 + C00024  R03857  C01832 -> C03221 R04170  C03221 -> C05262 R04741  C05262 -> C05263 R04742  C05263 -> C05274 + C00024  R04754  C05274 -> C05275 R04744  C05275 -> C05264 R04743  C05264 -> C05265 R03778  C05265 -> C01944 + C00024  R03777  C01944 -> C05276 R04746  C05276 -> C05266 R04745  C05266 -> C05267 R04747  C05267 -> C05270 + C00024  R04751  C05270 -> C05271 R04749  C05271 -> C05268 R04748  C05268 -> C05269 R01177  C05269 -> C00136 + C00024  R01175  C00136 -> C00877 R03026  C00877 -> C01144 R01975  C01144 -> C00332 R00238  C00332 -> C00024
M00085,R00391  C00040 + C00024 -> C00264 R01778  C00264 -> C00640 R02685  C00640 -> C00658 R07162  C00658 -> C00040  R01177  C00136 + C00024 -> C05269 R04748  C05269 -> C05268 R04749  C05268 -> C05271 R06985  C05271 -> C05270  R04747  C05270 + C00024 -> C05267 R04745  C05267 -> C05266 R04746  C05266 -> C05276 R03776  C05276 -> C01944  R03778  C01944 + C00024 -> C05265 R04743  C05265 -> C05264 R04744  C05264 -> C05275 R04753  C05275 -> C05274  R04742  C05274 + C00024 -> C05263 R04741  C05263 -> C05262 R04170  C05262 -> C03221 R03856  C03221 -> C01832  R03858  C01832 + C00024 -> C05261 R04739  C05261 -> C05260 R04740  C05260 -> C05273 R03989  C05273 -> C02593  R03991  C02593 + C00024 -> C05259 R04737  C05259 -> C05258 R04738  C05258 -> C05272 R01278  C05272 -> C00154
M00032,"R00716  C00047 -> C00449 R02313  C00449 -> C04076 R03102,R03103  C04076 -> C00956 R01939  C00956 -> C00322 R01933  C00322 -> C00527 R01940,R13166+R13167  C00322 + C15972 -> C06157 R02571  C06157 -> C00527 R07618  C15973 -> C15972 R02488  C00527 -> C00877 R03026  C00877 -> C01144 R01975  C01144 -> C00332"
M00375,R00742  C00024 -> C00083 R00740  C00083 -> C00222 R09289  C00222 -> C01013 R09286  C01013 -> C05668 R03045  C05668 -> C00894 R00919  C00894 -> C00100 R01859  C00100 -> C00683 R02765  C00683 -> C01213 R00833  C01213 -> C00091 R09280  C00091 -> C00232 R09281  C00232 -> C00989 R09279  C00989 -> C11062 R10782  C11062 -> C00877 R03026  C00877 -> C01144 R01975  C01144 -> C00332 R00238  C00332 -> C00024
M00957,R00449  C00047 -> C00990 R02273  C00990 -> C00431 R02274  C00431 -> C03273 R02401  C03273 -> C00489 R12216  C00489 + C00026 -> C03196 + C00042 R12217  C03196 -> C00026 R13035  C00489 -> C00527 R02488  C00527 -> C00877 R03026  C00877 -> C01144 R01975  C01144 -> C00332 R00238  C00332 -> C00024
M00088,R00238  C00024 -> C00332 R01978  C00332 + C00024 -> C00356 R01360  C00356 -> C00164 + C00024 R01361  C00164 -> C01089 R01366  C00164 -> C00207
M00095,R00238  C00024 -> C00332 R01978  C00332 + C00024 -> C00356 R02082  C00356 -> C00418 R02245  C00418 -> C01107 R03245  C01107 -> C01143 R01121  C01143 -> C00129 R01123  C00129 -> C00235
M00373,R00238  C00024 -> C00332 R01977  C00332 -> C03561 R03027  C03561 -> C00877 R09291  C00877 -> C18026 R09979  C18026 -> C20238 R09292  C20238 -> C18324 R09293  C18324 -> C06028 R05076  C06028 -> C06027 R00934  C06027 -> C00100 + C00048 R00473  C00048 -> C04348 R10612  C04348 -> C00149 R01859  C00100 -> C00683 R02765  C00683 -> C01213 R00833  C01213 -> C00091
M00849,"R00238  C00024 -> C00332 R01978  C00332 + C00024 -> C00356 R02082,R02081  C00356 -> C00418 R02245  C00418 -> C01107 R10561  C01107 -> C20345 R12894  C01107 -> C22453 R12895  C22453 -> C20345 R10779  C00418 -> C20847 R10780  C20847 -> C20848 R10781  C20848 -> C20345 R10093  C20345 -> C00129 R01123  C00129 -> C00235"
M00082,R00742  C00024 -> C00083 R01626  C00083 -> C01209 R01624  C00024 -> C03939 R04355  C03939 + C01209 -> C05744 R10707  C00024 + C01209 -> C05744
M00885,R00742  C00024 -> C00083 R01626  C00083 + C00229 -> C01209 R13257  C02843 + C01209 -> C22858  R13258  C20683 + C01209 -> C22858 R13259  C22858 -> C22859 R13260  C22859 -> C22860 R13261  C22860 -> C20683  R13262  C22861 + C01209 -> C22862 R13263  C22862 -> C22863 R13264  C22863 -> C22864 R13265  C22864 -> C22861  R13266  C22865 + C01209 -> C22866 R13267  C22866 -> C22867 R13268  C22867 -> C22868 R13269  C22868 -> C22865
M00886,R00742  C00024 -> C00083 R01626  C00083 + C00229 -> C01209 R13257  C02843 + C01209 -> C22858  R13258  C20683 + C01209 -> C22858 R13259  C22858 -> C22859 R13260  C22859 -> C22860 R13261  C22860 -> C20683  R13262  C22861 + C01209 -> C22862 R13263  C22862 -> C22863 R13264  C22863 -> C22864 R13265  C22864 -> C22861  R13266  C22865 + C01209 -> C22866 R13267  C22866 -> C22867 R13268  C22867 -> C22868 R13269  C22868 -> C22865  R13270  C22869 + C01209 -> C22870 R13271  C22870 -> C22871 R13272  C22871 -> C22872 R13273  C22872 -> C22869
M00083,"R04355  C03939 + C01209 -> C05744 R04533  C05744 -> C04618 R04428  C04618 -> C04246 R04429,R04430  C04246 -> C05745  R04952  C05745 + C01209 -> C05746 R04953  C05746 -> C05747 R04954  C05747 -> C05748 R04955,R04956  C05748 -> C05749  R04957  C05749 + C01209 -> C05750 R04536  C05750 -> C04620 R04537  C04620 -> C05751 R04958,R04959  C05751 -> C05752  R04960  C05752 + C01209 -> C05753 R04534  C05753 -> C04619 R04535  C04619 -> C05754 R04961,R04962  C05754 -> C05755  R04963  C05755 + C01209 -> C05756 R04964  C05756 -> C05757 R04965  C05757 -> C05758 R04724,R04725  C05758 -> C05223  R04726  C05223 + C01209 -> C05759 R04566  C05759 -> C04688 R04568  C04688 -> C05760 R04966,R04967  C05760 -> C05761  R04968  C05761 + C01209 -> C05762 R04543  C05762 -> C04633 R04544  C04633 -> C05763 R04969,R04970  C05763 -> C05764"
M00036,R01090  C00123 -> C00233 R07601+R07602  C00233 + C15972 -> C15975 R04097  C15975 -> C02939 + C15973 R07618  C15973 -> C15972 R04095  C02939 -> C03069 R04138  C03069 -> C03231 R02085  C03231 -> C00356 R01360  C00356 -> C00164
M00019,R00226  C00022 -> C06010 R05071  C06010 -> C04181 R04440  C04181 -> C04272 R04439  C06010 -> C04272 R04441  C04272 -> C00141 R01214  C00141 -> C00183 R08648  C00109 -> C06006 R05069  C06006 -> C14463 R05068  C14463 -> C06007 R05070  C06007 -> C00671 R02199  C00671 -> C00407
M00570,R00996 C00188 -> C00109 R08648  C00109 -> C06006 R05069  C06006 -> C14463 R05068  C14463 -> C06007 R05070  C06007 -> C00671 R02199  C00671 -> C00407
M00119,R01214  C00183 -> C00141 R01226  C00141 -> C00966 R02472  C00966 -> C00522 R00489  C00049 -> C00099 R02473  C00522 + C00099 -> C00864
M00741,R01859  C00100 -> C00683 R02765  C00683 -> C01213 R00833  C01213 -> C00091
M00034,"R00177  C00073 -> C00019 R00178  C00019 -> C01137 R01920  C01137 -> C00170 R01401  C00170 -> C03089 R04143  C03089 -> C04188 R01402  C00170 -> C04188 R04420  C04188 -> C04582 R07392  C04582 -> C15650 R07393  C15650 -> C15651 R07394  C15651 -> C15606 R07395  C15650 -> C15606 R07364  C15606 -> C01180 R07396,R12507  C01180 -> C00073"
M00035,"R00177  C00073 -> C00019 R00367,R04858  C00019 -> C00021 R00192  C00021 -> C00155 R01290  C00065 + C00155 -> C02291"
M00368,R00177  C00073 -> C00019 R00179  C00019 -> C01234 R07214  C01234 -> C06547
M00609,R00177  C00073 -> C00019 R10404  C00019 -> C00021 R00194  C00021 -> C03539 R01291  C03539 -> C00155 R10305  C00155 -> C02291 R01001  C02291 -> C00097
M00953,"R00177  C00073 -> C00019 R00075  C00019 -> C05324 R07277  C05324 -> C15486 R07141,R07142  C15486 -> C15485 R07185  C15485 -> C15500 R07186  C15500 -> C15501 R07187  C15485 -> C15502 R12826  C15502 -> C15501"
M00338,R01290  C00065 + C00155 -> C02291 R01001  C02291 -> C00097
M00038,R00678  C00078 -> C02700 R01959  C02700 -> C00328 R01960  C00328 -> C03227 R02668  C03227 -> C00632 R02665  C00632 -> C04409 R04323  C04409 -> C03824 R03889  C03824 -> C02220
M00912,"R00678  C00078 -> C02700 R01959  C02700 -> C00328 R01960  C00328 -> C03227 R02668  C03227 -> C00632 R02665  C00632 -> C04409 R04293  C04409 -> C03722 R03348  C03722 -> C01185 R03005  C01185 -> C00857 R00189,R00257  C00857 -> C00003"
M00030,R00271  C00026 + C00024 -> C01251 R03444  C01251 -> C04002 R04371  C04002 -> C05662 R01934  C05662 -> C00322 R01939  C00322 -> C00956 R03098  C00956 -> C05560 R04863  C05560 -> C05535 R04390  C05535 -> C04076 R02315  C04076 -> C00449 R00715  C00449 -> C00047
M00960,R00460  C00047 -> C00739 R13034  C00739 -> C03239 R04175  C03239 -> C04092 R02203  C04092 -> C00408 R08414  C00408 -> C00450 R02317  C00450 -> C04076 R13037  C04076 -> C00956 R01939  C00956 -> C00322 R13011  C00322 -> C01087 R13036  C01087 -> C00026 R12216  C00026 -> C00042
M00970,"R01253  C00148 -> C03912 R03314  C03912 -> C01165 R00245,R13148  C01165 -> C00025"
M00972,"R00667  C00077 -> C01165 R03314  C01165 -> C03912 R01248,R01251  C03912 -> C00148 R01253  C00148 -> C03912"
M00015,R00239  C00025 -> C03287 R03313  C03287 -> C01165 R03314  C01165 -> C03912 R01251  C03912 -> C00148
M00134,"R00551,R13308  C00062 -> C00077 R00670  C00077 -> C00134"
M00133,R00566  C00062 -> C00179 R01157  C00179 -> C00134 R00178  C00019 -> C01137 R01920  C01137 + C00134 -> C00315
M00135,"R01154,R01156  C00134 -> C02714 R04025  C02714 -> C05936 R05050  C05936 -> C02946 R01987  C02946 -> C00334"
M00027,"R00261  C00025 -> C00334 R01648,R10178  C00334 -> C00232 R00713,R00714  C00232 -> C00042"
M00978,R00253  C00014 -> C00064 R00575  C00064 -> C00169 R01398  C00169 -> C00327 R01954  C00327 -> C03406 R01086  C03406 -> C00062 R13308  C00062 -> C00011 + C00014
M00020,R01513  C00197 -> C03232 R04173  C03232 -> C01005 R00582  C01005 -> C00065
M00140,R00945  C00101 -> C00143 R01220  C00143 -> C00445 R01655  C00445 -> C00234 R00943  C00234 -> C00101
M00141,"R00945  C00101 -> C00143 R01220,R01218  C00143 -> C00445 R01655  C00445 -> C00234 R00943  C00234 -> C00101"
M00532,"R03140  C01182 -> C00988 + C00197 R01334  C00988 -> C00160 R00475  C00160 + C00007 -> C00048 + C00027 R00009  C00027 -> C00007 R00372  C00048 + C00025 -> C00026 + C00037 R00369  C00048 -> C00037 R00945  C00037 -> C00065 R00588  C00065 + C00048 -> C00168 + C00037 R01388,R01392  C00168 -> C00258 R01514  C00258 -> C00197 R01221  C00037 -> C00014"
M00975,"R13016  C00719 -> C01026 R01564,R01565,R13028  C01026 -> C00213 R00610,R12967,R13029  C00213 -> C00037 R00945  C00037 -> C00065 R00220  C00065 -> C00022"
M00126,"R00428  C00044 -> C05922 R05046  C05922 -> C05923 R05048  C05923 -> C06148 R04639  C06148 -> C04895 R04620  C04895 -> C04874 R04638  C04895 -> C05925 R04621  C05925 -> C04874 R03504  C04874 -> C01300 R03503  C01300 -> C04807 R03066  C01300 -> C00921 R03067  C04807 -> C00921 R02237  C00921 -> C00415 R00936,R00939  C00415 -> C00101"
M00840,"R00425  C00044 -> C01304 R11072  C01304 -> C05925 R04621  C05925 -> C04874 R03504  C04874 -> C01300 R03503  C01300 -> C04807 R03066  C01300 -> C00921 R03067  C04807 -> C00921 R02237  C00921 -> C00415 R00936,R00939  C00415 -> C00101"
M00841,"R00428  C00044 -> C05922 R05046  C05922 -> C05923 R05048  C05923 -> C06148 R04639  C06148 -> C04895 R11719  C04895 -> C01300 R03503  C01300 -> C04807 R03067  C04807 -> C00921 R03066  C01300 -> C00921 R02237  C00921 -> C00415 R00936,R00939  C00415 -> C00101"
M00377,"R07157  C00011 -> C00237 R00134,R12754  C00011 -> C00058 R00943  C00058 + C00101 -> C00234 R01655  C00234 -> C00445 R01220  C00445 -> C00143 R07168  C00143 -> C00440 R02289+R08433,R10243  C00237 + C00440 -> C00101 + C00024"
M00621,R03425  C00037 + C02051 -> C01242 + C00011 R04125  C01242 + C00101 -> C02972 + C00143 + C00014 R03815  C02972 -> C02051  R01221  C00037 + C00101 -> C00014 + C00143
M00029,R00149  C00014 -> C00169 R01398  C00169 + C00077 -> C00327 R01954  C00327 + C00049 -> C03406 R01086  C03406 -> C00062 + C00122 R00551  C00062 -> C00077 + C00086
M00844,R01398  C00169 + C00077 -> C00327 R01954  C00327 + C00049 -> C03406 R01086  C03406 -> C00062 + C00122
M00118,R00894  C00025 -> C00669 R00497  C00669 -> C00051
M00025,"R01715  C00251 -> C00254 R01728,R01730  C00254 -> C01179 R00734  C01179 -> C00082"
M00044,"R00734,R00729  C00082 -> C01179 R02521  C01179 -> C00544 R02519  C00544 -> C01036 R03181  C01036 -> C01061 R01364  C01061 -> C00164 + C00122"
M00045,"R01168  C00135 -> C00785 R02914  C00785 -> C03680 R02288  C03680 -> C00439 R02285,R02287  C00439 -> C00025 R02286  C00439 -> C01045 R00525  C01045 -> C00025"
M00013,"R04432,R12356  C00100 -> C00894 R03045  C00894 -> C05668 R03158  C05668 -> C01013 R01608  C01013 -> C00222 R00705,R00706  C00222 -> C00024"
M00991,"R13452  C04022 -> C00580 + C01013 R13457  C01013 -> C00222 R00705,R00706  C00222 -> C00024"
M00992,"R02574  C04022 -> C00580 + C00511 R13454  C00511 -> C00894 R13455  C00894 -> C01013 R13457  C01013 -> C00222 R00705,R00706  C00222 -> C00024"
M00047,R00565  C00062 -> C00581 R01883  C00581 -> C00300 R01881  C00300 -> C02305 R07420  C02305 -> C00791
M00357,"R00315  C00033 -> C00227 R00230  C00227 -> C00024 R00235  C00033 -> C00024 R09096  C00024 -> C04488 R04347  C04488 + C03576 -> C03920 R04541  C03920 + C04628 -> C01438 + C04832 R11931,R04540,R11928,R11943,R11944  C04832 -> C04628 + C03576"
M00958,"R00181  C00020 -> C00130 R01126  C00130 -> C00294 R00183  C00020 -> C00212 R01560  C00212 -> C00294 R01863  C00294 -> C00262 R01768,R01769  C00262 -> C00385 R02103,R02107  C00385 -> C00366"
M00845,R00259  C00025 -> C00624 R02649  C00624 -> C04133 R03443  C04133 -> C01250 R02283  C01250 -> C00437 R07245  C00437 + C00169 -> C15532 R09107  C15532 -> C00327 R01954  C00327 + C00049 -> C03406 R01086  C03406 -> C00062 + C00122
M00868,R00830  C00037 -> C00430 R00036  C00430 -> C00931 R00084  C00931 -> C01024 R03165  C01024 -> C01051 R03197  C01051 -> C03263 R03220  C03263 -> C01079 R03222  C01079 -> C02191 R00310  C02191 -> C00032
M00121,"R05578  C00025 -> C02987 R04109  C02987 -> C03741 R02272  C03741 -> C00430 R00036  C00430 -> C00931 R00084  C00931 -> C01024 R03165  C01024 -> C01051 R03197  C01051 -> C03263 R03220,R06895  C03263 -> C01079 R03222,R09489,R12605  C01079 -> C02191 R00310  C02191 -> C00032"
M00846,R04109  C02987 -> C03741 R02272  C03741 -> C00430 R00036  C00430 -> C00931 R00084  C00931 -> C01024 R03165  C01024 -> C01051 R03194  C01051 -> C02463 R03947  C02463 -> C05778 R02864  C05778 -> C00748
M00926,R04109  C02987 -> C03741 R02272  C03741 -> C00430 R00036  C00430 -> C00931 R00084  C00931 -> C01024 R03165  C01024 -> C01051 R03197  C01051 -> C03263 R04178  C03263 -> C05770 R11329  C05770 -> C21284 R11522  C21284 -> C00032
M00089,R00851  C00093 -> C00681 R02241  C00681 -> C00416 R02239  C00416 -> C00641 R02251  C00641 -> C00422
M00093,R01799  C00416 -> C00269 R01800  C00269 -> C02737 R02055  C02737 -> C00350
M00052,"R00158  C00105 -> C00015 R00156  C00015 -> C00075 R00571,R00573  C00075 -> C00063 R00570  C00063 -> C00112"
M00345,R05338  C00199 + C00067 -> C06019 R05339  C06019 -> C00085 R00756  C00085 -> C00354 R01068  C00354 -> C00118
M00344,R01440  C00067 -> C00184 R01011  C00184 -> C00111 R01068  C00111 -> C00354 R00762  C00354 -> C00085
M00855,R02111  C00369 -> C00103 R08639  C00103 -> C00092
M00014,R00286  C00029 -> C00167 R01381  C00167 -> C05385 R01476  C05385 -> C00191 R01383  C00167 -> C03033 R01478  C03033 -> C00191 R01481  C00191 -> C00800 R02640  C00800 -> C00618 R01905  C00618 -> C00312 R01904  C00312 -> C00379 R01896  C00379 -> C00310 R01639  C00310 -> C00231
M00129,"R00289  C00103 -> C00029 R00286  C00029 -> C00167 R01383  C00167 -> C03033 R01478  C03033 -> C00191 R01481  C00191 -> C00800 R02933  C00800 -> C01040 R03184+R00647,R10053  C01040 -> C00072"
M00997,R00286  C00029 -> C00167 R01384  C00167 -> C00190 R01473  C00190 -> C00935
M00999,R00286  C00029 -> C00167 R01385  C00167 -> C00617
M00854,R00289  C00103 -> C00029 R00292  C00029 -> C00718 R00948  C00103 -> C00498 R02421  C00498 -> C00718 R02110  C00718 -> C00369
M00632,R10619  C00124 -> C00984 R01092  C00984 -> C00446 R00955  C00446 + C00029 -> C00052 + C00103 R00291 C00052 -> C00029
M01004,R00291  C00029 -> C00052 R00505  C00052 -> C03733
M00554,R01092 C00984 -> C00446 R00955 C00446 -> C00052
M00114,R00772  C00085 -> C00275 R01818  C00275 -> C00636 R00885  C00636 -> C00096 R00889  C00096 -> C02280 R07678  C02280 -> C15926 R07674  C15926 -> C01825 R07675  C01825 -> C01115 R00640  C01115 -> C00072
M01000,R00772  C00085 -> C00275 R01818  C00275 -> C00636 R00885  C00636 -> C00096
M01016,R00888  C00096 -> C01222 R05692  C01222 -> C00325
M01001,R03161  C01019 -> C02985 R01951  C02985 -> C00325
M00005,R01049  C00117 -> C00119
M00048,"R01072  C00119 + C00064 -> C03090 R04144  C03090 -> C03838 R04325  C03838 -> C04376 R04463  C04376 -> C04640 R04208  C04640 -> C03373 R04209  C03373 -> C04751 R07404  C03373 -> C15667 R07405  C15667 -> C04751 R04591  C04751 -> C04823 R04559  C04823 -> C04677 R04560,R06975  C04677 -> C04734 R01127  C04734 -> C00130"
M00959,"R01227  C00144 -> C00387 R02147  C00387 -> C00242 R01676  C00242 -> C00385 R02103,R02107  C00385 -> C00366"
M00053,R02017 C00008 -> C00206 R01137 C00206 -> C00131 R02019 C00035 -> C00361 R01857 C00361 -> C00286 R02024 C00112 -> C00705 R02326 C00705 -> C00458 R02018 C00015 -> C01346 R02331 C01346 -> C00460
M00938,"R02018  C00015 -> C01346 R02331  C01346 -> C00460 R02100  C00460 -> C00365 R02101,R06613  C00365 -> C00364 R02094  C00364 -> C00363 R02093  C00363 -> C00459"
M00546,"R02103,R02107 C00385 -> C00366 R02106,R09514 C00366 -> C11821 R06601 C11821 -> C12248 R06604 C12248 -> C02350 R02425 C02350 -> C00499 R02422 C00499 -> C00086"
M00968,"R01876  C00299 -> C00620 R02147  C00387 -> C00620 R11535,R13089  C00620 -> C01151 R10836  C00020 -> C01151 R10837  C00055 -> C01151 R10838  C00105 -> C01151 R10555  C01151 -> C01182 R03140  C01182 -> C00197 R13090  C01182 -> C22337 R12696  C22337 -> C00111"
M00051,"R00575  C00064 -> C00169 R01397  C00169 -> C00438 R01993  C00438 -> C00337 R01867,R01868,R01869  C00337 -> C00295 R01870  C00295 + C00119 -> C01103 R00965  C01103 -> C00105"
M00046,"R00978,R00977  C00106 -> C00429 R02269  C00429 -> C02642 R00905  C02642 -> C00099 R01415,R11026  C00178 -> C21028 R03055  C21028 -> C21029 R04666  C21029 -> C01205"
M00176,"R00529  C00059 -> C00224 R00509  C00224 -> C00053 R02021  C00053 -> C00094 R00858,R00859  C00094 -> C00283"
M00596,R00529  C00059 -> C00224 R08553  C00224 -> C00094 R00861  C00094 -> C22834 R13227  C22834 -> C00283
M00987,R00529  C00059 -> C00224 R05717  C00224 -> C00094 R00859  C00094 -> C00283
M00028,"R00259  C00025 -> C00624 R02649  C00624 -> C04133 R03443  C04133 -> C01250 R02283  C01250 -> C00437 R00669,R02282  C00437 -> C00077"
M00555,"R01025,R08557,R08558,R07409,R01022  C00114 -> C00576 R02565,R02566,R08211  C00576 -> C00719"
M00974,"R02821  C00719 -> C01026 R01565  C01026 -> C00213 R00610,R00611  C00213 -> C00037"
M00018,"R00480  C00049 -> C03082 R02291  C03082 -> C00441 R01773,R01775  C00441 -> C00263 R01771  C00263 -> C01102 R01466  C01102 -> C00188"
M00936,R00685  C00078 -> C00398 R12659  C00398 -> C00780 R02911  C00780 -> C00978 R03130  C00978 -> C01598
M00962,R00685  C00078 -> C00398 R11912  C00398 -> C21762 R11933  C21762 -> C21778 R11935  C21778 -> C21779 R11936  C21779 -> C07576 R12142  C07576 -> C08312 R08480  C08312 -> C07576
M00981,R00685  C00078 -> C00398 R03738  C00398 + C01852 -> C03470 R03820  C03470 -> C03309 R05844  C03309 -> C11678 R05845  C11678 -> C11679 R05824  C11679 -> C03677 R03860  C03677 -> C02151
M00024,R01715  C00251 -> C00254 R01373  C00254 -> C00166 R00694  C00166 -> C00079
M00042,"R00731,R01815  C00082 -> C00355 R02080  C00355 -> C03758 R02535  C03758 -> C00547 R02533  C00547 -> C00788"
M00039,R00697  C00079 -> C00423 R02253  C00423 -> C00811 R00737  C00082 -> C00811 R01616  C00811 -> C00223 R01615  C00223 -> C05608 R07437  C05608 -> C02646 R02416  C00223 -> C02947 R06582  C02947 -> C10434 R07433  C10434 -> C00323 R01942  C00323 -> C00406 R02193  C00406 -> C02666 R02593  C02666 -> C00590 R06572  C02666 -> C12204 R06576  C12204 -> C05610 R03918  C05610 -> C02325
M00137,R00697  C00079 -> C00423 R02253  C00423 -> C00811 R01616  C00811 -> C00223 R01613  C00223 -> C06561 R02446  C06561 -> C00509
M00935,R10935  C00118 -> C20954 R11038  C20954 -> C21068 R11039  C21068 -> C21069 R00736  C00082 -> C00483 R10902  C00483 -> C20926 R11040  C21069 + C20926 -> C21070
M00878,R02539  C07086 -> C00582 R09838  C00582 -> C20062 R09837  C20062 -> C19975 R09836  C19975 -> C19946 R09820  C19946 -> C19945 R09839  C19945 -> C14144+C00024 R06942  C14144 -> C14145 R06941  C14145 -> C02232 R00829  C02232 -> C00091+C00024
M00017,"R00480  C00049 -> C03082 R02291  C03082 -> C00441 R01773,R01775  C00441 -> C00263 R01777  C00263 -> C01118 R03260  C01118 -> C02291 R01286  C02291 -> C00155 R00946,R04405  C00155 -> C00073"
M00913,R01226  C00141 -> C00966 R02472  C00966 -> C00522 R09076  C00750 -> C05665 R00904  C05665 -> C00099 R02473  C00522 + C00099 -> C00864
M01036,R00421  C00043 -> C04573 R08706  C04573 -> C13952 R00418  C00043 -> C00203 R06894  C00203 -> C13952
M00892,R00768  C00085 -> C00352 R02058  C00352 -> C00357 R08193  C00357 -> C04501 R00416  C04501 -> C00043
M00909,R00768  C00085 -> C00352 R02060  C00352 -> C06156 R05332  C06156 -> C04501 R00416  C04501 -> C00043
M00995,"R00768  C00085 -> C00352 R02060  C00352 -> C06156 R05332  C06156 -> C04501 R00416  C04501 -> C00043 R00660  C00043 -> C04631 R03191,R03192  C04631 -> C01050"
M01002,R00768  C00085 -> C00352 R12220  C00352 -> C06377 R12221  C06377 -> C22029 R12242  C22029 -> C18060 R10183  C18060 -> C00203
M01003,R01201  C00140 -> C00357 R08193  C00357 -> C04501 R00416  C04501 -> C00043
M00922,R00414  C00043 -> C00645 R01804  C00645 -> C00270 R01117  C00270 -> C00128
M00955,R00414  C00043 -> C00645 R02705  C00645 -> C04257 R04435  C04257 -> C06241 R01805  C06241 -> C00270 R01117  C00270 -> C00128 R01115  C00128 -> C03691
M00793,R02328  C00103 -> C00842 R06513  C00842 -> C11907 R06514  C11907 -> C00688 R02777  C00688 -> C03319
M01022,"R02328  C00103 -> C00842 R06513  C00842 -> C11907 R06514  C11907 -> C00688 R10190,R02776  C00688 -> C03187"
M01023,R02328  C00103 -> C00842 R06513  C00842 -> C11907 R09904  C11907 -> C19960 R09824  C19960 -> C19947 R09873  C19947 -> C20156
M01024,R02328  C00103 -> C00842 R06513  C00842 -> C11907 R06424  C11907 -> C11908 R06423  C11908 -> C11925 R12549  C11925 -> C22257
M01025,R02328  C00103 -> C00842 R06513  C00842 -> C11907 R04438  C11907 -> C04346 R10142  C04346 -> C20415
M01026,R02328  C00103 -> C00842 R06513  C00842 -> C11907 R02773  C11907 -> C04268 R10174  C04268 -> C06018
M01027,R02328  C00103 -> C00842 R06513  C00842 -> C11907 R05687  C11907 -> C07277 R10536  C07277 -> C20682
M00055,R05969  C00110 -> G00001 R05970  G00001 -> G00002 R05972  G00002 -> G00003 R05973  G00003 -> G00004 R06238  G00004 -> G00005 R06127  G00005 -> G10526 R06128  G10526 -> G00006 R06258  G00006 -> G10595 R06259  G10595 -> G10596 R06260  G10596 -> G10597 R06261  G10597 -> G00007 R01005  C00110 -> C01246 R06262  C01246 + G00007 -> G10598 R06263  G10598 -> G10599 R06264  G10599 -> G00008
M00838,"R06746  C00148 -> C12470 R06747  C12470 -> C12483 R11665  C12483 -> C21567 R11667  C21567 -> C21568 R11668,R11669  C21568 -> C21569 R11670  C21569 -> C21570 R04014  C05223 -> C02679 R11664  C02679 -> C21573 R11663,R11666  C21573 -> C21574 R11673  C21570 + C21574 -> C12023"
M00098,R02250  C00422 -> C00641 R02687  C00641 -> C01885 R01351  C01885 -> C00116
M00107,R01454  C00187 -> C05500 R04854  C05500 -> C05501 R02723  C00187 -> C05502 R04855  C05502 -> C05501 R03933  C05501 -> C01953 R02216  C01953 -> C00410
M00108,R02213  C00410 -> C03205 R03851  C03205 -> C02140 R03262  C02140 -> C01124 R03263  C01124 -> C01780
M00043,R03539  C00082 -> C02515 R03973  C02515 -> C01060 R03953  C01060 -> C02465 R03208  C01060 -> C01829
M00977,"R03783  C01953 -> C05138 R03327  C05138 -> C01176 R13215  C01176 -> C22831 R13216,R13217  C22831 -> C22832 R13218  C22832 -> C00523 R13039,R13219  C00523 -> C03852 R04330,R08963  C03852 -> C03917"
M00976,"R03783  C01953 -> C05138 R08517  C05138 -> C01227 R01837  C01227 -> C00280 R01836,R01838  C00280 -> C00535 R02497  C00535 -> C03917"
M00096,"R05636  C00118 + C00022 -> C11437 R05688  C11437 -> C11434 R05633  C11434 -> C11435 R05634  C11435 -> C11436 R05637  C11436 -> C11453 R08689,R10859  C11453 -> C11811 R05884 C11811 -> C00129 R01123  C00129 -> C00235"
M00364,R01123  C00129 <-> C00235 R01658  C00235 + C00129 -> C00341 R02003  C00341 + C00129 -> C00448 R02061  C00448 + C00129 -> C00353
M00365,R01123  C00129 <-> C00235 R01658  C00235 + C00129 -> C00341 R02003  C00341 + C00129 -> C00448 R02061  C00448 + C00129 -> C00353
M00366,R01123  C00129 <-> C00235 R01658  C00235 + C00129 -> C00341 R02003  C00341 + C00129 -> C00448 R02061  C00448 + C00129 -> C00353
M00367,R01123  C00129 <-> C00235 R01658  C00235 + C00129 -> C00341 R02003  C00341 + C00129 -> C00448 R02061  C00448 + C00129 -> C00353
M00101,"R00702  C00448 -> C03428 R02872  C03428 -> C00751 R02874  C00751 -> C01054 R03199  C01054 -> C01724 R05640  C01724 -> C11455 R05639  C11455 -> C05108 R07509  C05108 -> C15808 R07494  C15808 -> C15816 R07495  C15816 -> C05103 R12403  C05103 -> C22112 R12404  C22112 -> C22136 R12405  C22136 -> C05437 R07498  C05437 -> C03845 R03353  C03845 -> C01189 R07215  C01189 -> C01164 R01451,R01456  C01164 -> C00187"
M00102,R00702  C00448 -> C03428 R02872  C03428 -> C00751 R02874  C00751 -> C01054 R03199  C01054 -> C01724 R05640  C01724 -> C11455 R05639  C11455 -> C05108 R07509  C05108 -> C15808 R07494  C15808 -> C15816 R07495  C15816 -> C05103 R12403  C05103 -> C22112 R12404  C22112 -> C22136 R12405  C22136 -> C05437 R04427  C05437 -> C04525 R07497  C04525 -> C15777 R07491  C15777 -> C15780 R07506  C15780 -> C05440 R05641  C05440 -> C01694 R03677  C01694 -> C05441
M00921,R01658+R02003+R02061  C00129 -> C00353 R10763  C00353 -> C20834 R12177  C20834 -> C21978 R12178  C21978 -> C21979
M00110,R03783  C01953 -> C05138 R08517  C05138 -> C01227 R01837  C01227 -> C00280 R01840  C00280 -> C05290 R04759  C05290 -> C05297 R02351  C05297 -> C00468
M00094,R01281  C00154 + C00065 -> C02934 R02978  C02934 -> C00836 R06517  C00836 -> C12126 R06519  C12126 -> C00195
M00099,R01281  C00154 -> C02934 R02978  C02934 -> C00836 R06517  C00836 -> C12126 R06519  C12126 -> C00195 R01494  C00195 -> C00319
M00066,R01497  C00195 -> C01190 R03354  C01190 -> C01290
M00100,R01926  C00319 -> C06124 R06516  C06124 -> C00346
M00092,R01468  C00189 -> C00346 R02038  C00346 -> C00570 R02057  C00570 -> C00350
M00090,R01021  C00114 -> C00588 R01890  C00588 -> C00307 R01321  C00307 -> C00157
M00091,R02056  C00350 -> C01241 R03424  C01241 -> C04308 R01320  C04308 -> C00157
M00069,R05937  G00092 -> G00108 R05940  G00108 -> G00113 R05947  G00113 -> G00118
M00068,R05960  G00092 -> G00093 R05962  G00093 -> G00094
M00070,R05971  G00092 -> G00036 R06006  G00036 -> G00037
M00071,R05971  G00092 -> G00036 R05977  G00036 -> G00050
M00067,R01500  C00195 -> C02686 R04017  C02686 -> C06125 R10804  C03201 -> C20859 R10805  C20859 -> C20825
M00065,R05916  C01194 -> G00143 R05917  G00143 -> G00144 R05918  G00144 -> G00145 R05919  G00145 -> G00146 R12350  G00146 -> G13128 R12351  G13128 -> G00148 R05922  G00148 -> G00149 R08107  G00149 -> G13044 R12702  G13044 -> G13152
M00109,"R02211  C00410 -> C01176 R03326  C01176 -> C05488 R02843  C05488 -> C00735 R02834,R02836  C00735 -> C00762"
M00104,"R01463  C00187 -> C03594 R04263  C03594 -> C05455 R04826  C05455 -> C17339 R04823  C17339 -> C05453 R04824,R04825  C05453 -> C05454 R04807  C05454 -> C05446 R08759  C05446 -> C01301 R08761  C01301 -> C04722 R08733  C04722 -> C15613 R08734  C15613 -> C17343 R08735  C17343 -> C05460 R04813  C05460 -> C15614 R04812  C15614 -> C05467 R03719  C05467 -> C01794 R07296  C01794 -> C00695 R04817  C05455 -> C05451 R04818,R04819  C05451 -> C05452 R04806  C05452 -> C05444 R08758  C05444 -> C05445 R08760  C05445 -> C04554 R08738  C04554 -> C17345 R08739  C17345 -> C17346 R08740  C17346 -> C05447 R04809  C05447 -> C05448 R04810  C05448 -> C05449 R04811  C05449 -> C05337 R03974  C05337 -> C02528"
M00106,R02794  C00695 -> C01794 R03720  C01794 -> C05122 R03718  C01794 -> C01921
M00115,"R00481,R07410,R07407  C00049 -> C05840 R04292  C05840 -> C03722 R03348  C03722 -> C01185 R03005  C01185 -> C00857 R00189,R00257  C00857 -> C00003"
M00120,"R03018  C00864 -> C03492 R04230,R04231  C03492 -> C04352 R03269  C04352 -> C01134 R03035  C01134 -> C00882 R00130  C00882 -> C00010"
M00914,R01226  C00141 -> C00966 R02472  C00966 -> C00522 R09378  C00522 -> C18911 R09379  C18911 -> C03492 R04231  C03492 -> C04352 R03269  C04352 -> C01134 R03035  C01134 -> C00882 R12608  C00882 -> C00010
M00994,R01184  C00137 -> C00191 R01476  C00191 -> C05385 R01381  C05385 -> C00167
M00130,R03361  C01194 -> C01277 R03469  C01277 -> C04637 R03435  C04637 -> C01245 R03433  C01245 -> C01272
M00131,R03430  C01272 -> C01243 R03427  C01243 -> C04063 R04372  C04063 -> C04006 R01187  C04006 -> C00137
M00132,R03429  C01243 -> C04477 R03478  C04477 -> C01284 R05202  C01284 -> C01204
M00880,R09394  C00044 -> C21310 R11372  C21310 -> C18239 R09395  C18239 -> C05924 R09726  C05924 -> C19848 R09735  C19848 -> C18237
M00842,R00428  C00044 -> C05922 R05046  C05922 -> C05923 R05048  C05923 -> C06148 R04639  C06148 -> C04895 R04286  C04895 -> C03684 R08208  C03684 -> C00272
M00843,R00428  C00044 -> C05922 R05046  C05922 -> C05923 R05048  C05923 -> C06148 R04639  C06148 -> C04895 R04286  C04895 -> C03684 R09990  C03684 -> C20264
M00988,R00428  C00044 -> C05922 R05046  C05922 -> C05923 R05048  C05923 -> C06148 R04639  C06148 -> C04895 R09959  C04895 -> C20239 R10002  C20239 -> C20248 R09978  C20248 -> C15996 R07605  C15996 -> C16675
M00125,R00425  C00044 -> C01304 R03459  C01304 -> C01268 R03458  C01268 -> C04454 R07280  C04454 -> C04732 R07281  C00199 -> C15556 R04457  C04732 + C15556 -> C04332 R00066  C04332 -> C00255 R00549  C00255 -> C00061 R00161  C00061 -> C00016
M00911,"R00425  C00044 -> C01304 R09375,R09376  C01304 -> C18910 R09377  C18910 -> C04454 R07280  C04454 -> C04732 R07281  C00199 -> C15556 R04457  C04732 + C15556 -> C04332 R00066  C04332 -> C00255 R00549  C00255 -> C00061 R00161  C00061 -> C00016"
M00037,R01814  C00078 -> C00643 R02701  C00643 -> C00780 R02911  C00780 -> C00978 R03130  C00978 -> C01598
M00897,R10685  C00037 + C00003 -> C20784 R10711  C20784 -> C20247 R03472  C03373 -> C04556 R04509  C04556 -> C04752 R10712  C04752 + C20247 -> C01081 R02135  C01081 -> C00378 R00619  C00378 -> C00068
M00898,R10685  C00037 + C00003 -> C20784 R10711  C20784 -> C20247 R10686  C00018 -> C04556 R04509  C04556 -> C04752 R10712  C04752 + C20247 -> C01081 R02135  C01081 -> C00378 R00619  C00378 -> C00068
M00124,R01825  C00279 -> C03393 R04210  C03393 -> C06054 R05085  C06054 -> C06055 R05681  C06055 -> C07335 R07406  C07335 -> C11638  (spontaneous) R05838  C11638 -> C00627 R00278  C00627 -> C00018
M00103,R03311  C01164 -> C05443 R03611  C05443 -> C01561 R03610  C01561 -> C01673
M00538,R02550  C01455 -> C00556 R01763  C00556 -> C00261 R01419  C00261 -> C00180
